group,term
"IT","Software Developer"
"IT","Firmware Developer"
"IT","DevOps Engineer"
"IT","Full Stack Developer"
"IT","Software Engineer"
"IT","Database Administrator"
"IT","Network Engineer"
"IT","Project Manager"
"IT","Team Leader"
"IT","AI/ML Engineer"
"IT","Web Developer"
"IT","Technical Lead"
"IT","IT Manager"
"IT","Technical Consultant"
"IT","Solutions Architect"
"IT","Software Development Manager"
"IT","Automation Engineer"
"Administrative Support","Administrative Assistant"
"Administrative Support","Office Manager"
"Administrative Support","Executive Assistant"
"Administrative Support","Receptionist"
"Administrative Support","Data Entry Clerk"
"Administrative Support","Virtual Assistant"
"Administrative Support","Front Desk Coordinator"
"Administrative Support","Office Coordinator"
"Administrative Support","Secretary"
"Administrative Support","Administrative Coordinator"
"Administrative Support","Office Clerk"
"Administrative Support","Human Resources Assistant"
"Administrative Support","Project Assistant"
"Administrative Support","Customer Service Representative"
"Administrative Support","Records Clerk"
"Administrative Support","Office Support Specialist"
"Administrative Support","Scheduling Coordinator"
"Administrative Support","Operations Assistant"
"Administrative Support","Travel Coordinator"
"Administrative Support","Meeting Coordinator"
"Agriculture","Farm Manager"
"Agriculture","Agricultural Technician"
"Agriculture","Crop Scientist"
"Agriculture","Agronomy Specialist"
"Agriculture","Horticulturist"
"Agriculture","Livestock Manager"
"Agriculture","Soil Scientist"
"Agriculture","Agricultural Engineer"
"Agriculture","Field Technician"
"Agriculture","Irrigation Specialist"
"Agriculture","Pest Control Advisor"
"Agriculture","Agricultural Consultant"
"Agriculture","Food Scientist"
"Agriculture","Organic Farm Worker"
"Agriculture","Precision Agriculture Specialist"
"Agriculture","Farm Equipment Operator"
"Agriculture","Research Agronomist"
"Agriculture","Sustainable Agriculture Specialist"
"Agriculture","Agricultural Business Manager"
"Agriculture","Farm Laborer"
"Arts & Entertainment","Graphic Designer"
"Arts & Entertainment","Art Director"
"Arts & Entertainment","Musician"
"Arts & Entertainment","Actor/Actress"
"Arts & Entertainment","Film Director"
"Arts & Entertainment","Photographer"
"Arts & Entertainment","Producer"
"Arts & Entertainment","Animator"
"Arts & Entertainment","Set Designer"
"Arts & Entertainment","Dance Instructor"
"Arts & Entertainment","Content Creator"
"Arts & Entertainment","Sound Engineer"
"Arts & Entertainment","Event Planner"
"Arts & Entertainment","Theater Manager"
"Arts & Entertainment","Talent Agent"
"Arts & Entertainment","Marketing Coordinator"
"Arts & Entertainment","Fashion Designer"
"Arts & Entertainment","Public Relations Specialist"
"Arts & Entertainment","Social Media Manager"
"Arts & Entertainment","Curator"
"Business Management","Project Manager"
"Business Management","Operations Manager"
"Business Management","Business Analyst"
"Business Management","Product Manager"
"Business Management","Account Manager"
"Business Management","General Manager"
"Business Management","Human Resources Manager"
"Business Management","Sales Manager"
"Business Management","Marketing Manager"
"Business Management","Financial Analyst"
"Business Management","Supply Chain Manager"
"Business Management","Business Development Manager"
"Business Management","Strategic Planner"
"Business Management","Management Consultant"
"Business Management","Compliance Officer"
"Business Management","Customer Service Manager"
"Business Management","Training Manager"
"Business Management","Risk Manager"
"Business Management","Executive Director"
"Business Management","Administrative Manager"
"Communications","Public Relations Specialist"
"Communications","Communications Manager"
"Communications","Marketing Communications Coordinator"
"Communications","Corporate Communications Manager"
"Communications","Content Strategist"
"Communications","Social Media Specialist"
"Communications","Media Relations Manager"
"Communications","Copywriter"
"Communications","Digital Marketing Specialist"
"Communications","Brand Manager"
"Communications","Internal Communications Manager"
"Communications","Graphic Designer"
"Communications","Event Coordinator"
"Communications","Video Producer"
"Communications","SEO Specialist"
"Communications","Communications Consultant"
"Communications","Speechwriter"
"Communications","Marketing Analyst"
"Communications","Crisis Communications Manager"
"Communications","User Experience (UX) Writer"
"Construction","Construction Manager"
"Construction","Project Engineer"
"Construction","Site Supervisor"
"Construction","Estimator"
"Construction","Civil Engineer"
"Construction","Safety Manager"
"Construction","Construction Foreman"
"Construction","Field Engineer"
"Construction","Architect"
"Construction","Project Manager"
"Construction","Building Inspector"
"Construction","Quantity Surveyor"
"Construction","Heavy Equipment Operator"
"Construction","Carpenter"
"Construction","Mason"
"Construction","Electrician"
"Construction","Plumber"
"Construction","Drywall Installer"
"Construction","Welder"
"Construction","Construction Laborer"
"Customer Service","Customer Service Representative"
"Customer Service","Call Center Agent"
"Customer Service","Customer Support Specialist"
"Customer Service","Client Services Coordinator"
"Customer Service","Technical Support Specialist"
"Customer Service","Help Desk Technician"
"Customer Service","Customer Success Manager"
"Customer Service","Escalation Specialist"
"Customer Service","Customer Experience Manager"
"Customer Service","Account Manager"
"Customer Service","Field Service Representative"
"Customer Service","Customer Relations Specialist"
"Customer Service","Sales Support Specialist"
"Customer Service","Chat Support Agent"
"Customer Service","Billing Specialist"
"Customer Service","Customer Service Trainer"
"Customer Service","Complaint Resolution Specialist"
"Customer Service","Client Support Technician"
"Customer Service","Service Desk Analyst"
"Customer Service","Service Coordinator"
"Education","Teacher"
"Education","School Administrator"
"Education","Principal"
"Education","Instructional Coordinator"
"Education","Curriculum Developer"
"Education","Academic Advisor"
"Education","Special Education Teacher"
"Education","Librarian"
"Education","Education Consultant"
"Education","College Professor"
"Education","Early Childhood Educator"
"Education","Online Instructor"
"Education","Substitute Teacher"
"Education","Training Specialist"
"Education","Admissions Counselor"
"Education","Educational Technologist"
"Education","Education Program Director"
"Education","Behavioral Specialist"
"Education","Tutoring Coordinator"
"Education","Adult Education Instructor"
"Energy & Utilities","Energy Analyst"
"Energy & Utilities","Utility Manager"
"Energy & Utilities","Renewable Energy Specialist"
"Energy & Utilities","Electrical Engineer"
"Energy & Utilities","Project Manager - Energy"
"Energy & Utilities","Energy Consultant"
"Energy & Utilities","Field Service Technician"
"Energy & Utilities","Power Plant Operator"
"Energy & Utilities","Environmental Engineer"
"Energy & Utilities","Energy Efficiency Specialist"
"Energy & Utilities","Grid Operations Manager"
"Energy & Utilities","Sustainability Coordinator"
"Energy & Utilities","Construction Manager - Utilities"
"Energy & Utilities","Regulatory Affairs Specialist"
"Energy & Utilities","Natural Gas Technician"
"Energy & Utilities","Energy Auditor"
"Energy & Utilities","Distribution Engineer"
"Energy & Utilities","Hydrologist"
"Energy & Utilities","Energy Policy Analyst"
"Energy & Utilities","Transmission Technician"
"Engineering","Mechanical Engineer"
"Engineering","Electrical Engineer"
"Engineering","Civil Engineer"
"Engineering","Software Engineer"
"Engineering","Project Engineer"
"Engineering","Chemical Engineer"
"Engineering","Industrial Engineer"
"Engineering","Systems Engineer"
"Engineering","Quality Engineer"
"Engineering","Design Engineer"
"Engineering","Structural Engineer"
"Engineering","Environmental Engineer"
"Engineering","Manufacturing Engineer"
"Engineering","Process Engineer"
"Engineering","Data Engineer"
"Engineering","Aerospace Engineer"
"Engineering","Engineering Manager"
"Engineering","Research Engineer"
"Engineering","Field Engineer"
"Engineering","Automation Engineer"
"Environmental Services","Environmental Scientist"
"Environmental Services","Environmental Engineer"
"Environmental Services","Waste Management Specialist"
"Environmental Services","Environmental Consultant"
"Environmental Services","Sustainability Coordinator"
"Environmental Services","Hazardous Materials Technician"
"Environmental Services","Ecologist"
"Environmental Services","Air Quality Specialist"
"Environmental Services","Water Resource Specialist"
"Environmental Services","Environmental Compliance Officer"
"Environmental Services","Conservation Scientist"
"Environmental Services","Field Technician"
"Environmental Services","Soil Scientist"
"Environmental Services","Environmental Health and Safety Specialist"
"Environmental Services","Renewable Energy Specialist"
"Environmental Services","Marine Biologist"
"Environmental Services","Climate Change Analyst"
"Environmental Services","Environmental Policy Analyst"
"Environmental Services","Site Remediation Specialist"
"Environmental Services","Urban Planner"
"Finance","Financial Analyst"
"Finance","Accountant"
"Finance","Investment Analyst"
"Finance","Financial Manager"
"Finance","Budget Analyst"
"Finance","Treasurer"
"Finance","Risk Manager"
"Finance","Tax Specialist"
"Finance","Compliance Officer"
"Finance","Loan Officer"
"Finance","Credit Analyst"
"Finance","Portfolio Manager"
"Finance","Financial Advisor"
"Finance","Auditor"
"Finance","Controller"
"Finance","Accounting Manager"
"Finance","Financial Planner"
"Finance","Billing Specialist"
"Finance","Corporate Finance Analyst"
"Finance","Financial Consultant"
"Government","Policy Analyst"
"Government","Public Affairs Specialist"
"Government","Urban Planner"
"Government","Legislative Assistant"
"Government","City Manager"
"Government","Government Relations Manager"
"Government","Compliance Officer"
"Government","Administrative Officer"
"Government","Program Manager"
"Government","Economic Development Specialist"
"Government","Social Services Administrator"
"Government","Community Outreach Coordinator"
"Government","Grants Manager"
"Government","Research Analyst"
"Government","Epidemiologist"
"Government","Intelligence Analyst"
"Government","Public Health Administrator"
"Government","Regulatory Affairs Specialist"
"Government","Environmental Compliance Inspector"
"Government","Public Safety Officer"
"Hospitality","Hotel Manager"
"Hospitality","Front Desk Agent"
"Hospitality","Event Planner"
"Hospitality","Restaurant Manager"
"Hospitality","Chef"
"Hospitality","Food and Beverage Manager"
"Hospitality","Concierge"
"Hospitality","Housekeeping Supervisor"
"Hospitality","Sales Manager"
"Hospitality","Catering Coordinator"
"Hospitality","Barista"
"Hospitality","Customer Service Representative"
"Hospitality","Reservation Agent"
"Hospitality","Travel Agent"
"Hospitality","Banquet Manager"
"Hospitality","Food Service Supervisor"
"Hospitality","Dining Room Manager"
"Hospitality","Revenue Manager"
"Hospitality","Guest Relations Manager"
"Hospitality","Tour Guide"
"HR","HR Manager"
"HR","Recruiter"
"HR","HR Generalist"
"HR","Talent Acquisition Specialist"
"HR","Training and Development Manager"
"HR","Compensation and Benefits Specialist"
"HR","Employee Relations Manager"
"HR","HR Business Partner"
"HR","Payroll Specialist"
"HR","HR Coordinator"
"HR","Organizational Development Consultant"
"HR","Diversity and Inclusion Officer"
"HR","HR Analyst"
"HR","Performance Management Specialist"
"HR","Labor Relations Specialist"
"HR","Onboarding Specialist"
"HR","Workforce Planning Analyst"
"HR","HR Compliance Officer"
"HR","Succession Planning Manager"
"HR","Employment Specialist"
"Insurance","Insurance Agent"
"Insurance","Underwriter"
"Insurance","Claims Adjuster"
"Insurance","Insurance Broker"
"Insurance","Actuary"
"Insurance","Risk Analyst"
"Insurance","Claims Examiner"
"Insurance","Customer Service Representative"
"Insurance","Insurance Appraiser"
"Insurance","Loss Control Consultant"
"Insurance","Fraud Investigator"
"Insurance","Policy Analyst"
"Insurance","Reinsurance Specialist"
"Insurance","Sales Manager - Insurance"
"Insurance","Insurance Analyst"
"Insurance","Field Underwriter"
"Insurance","Insurance Operations Manager"
"Insurance","Benefits Administrator"
"Insurance","Product Development Specialist"
"Insurance","Compliance Officer"
"IT","Software Developer"
"IT","System Administrator"
"IT","Network Engineer"
"IT","DevOps Engineer"
"IT","Database Administrator"
"IT","IT Support Specialist"
"IT","Cloud Engineer"
"IT","Cybersecurity Analyst"
"IT","Data Scientist"
"IT","Web Developer"
"IT","IT Project Manager"
"IT","Business Analyst"
"IT","Technical Support Specialist"
"IT","Systems Analyst"
"IT","Quality Assurance Tester"
"IT","IT Consultant"
"IT","Network Administrator"
"IT","Mobile App Developer"
"IT","Infrastructure Engineer"
"IT","Help Desk Technician"
"Legal","Attorney"
"Legal","Paralegal"
"Legal","Legal Assistant"
"Legal","Corporate Counsel"
"Legal","Litigation Attorney"
"Legal","Criminal Defense Lawyer"
"Legal","Family Law Attorney"
"Legal","Real Estate Lawyer"
"Legal","Compliance Officer"
"Legal","Intellectual Property Lawyer"
"Legal","Contract Manager"
"Legal","Legal Consultant"
"Legal","Mediation Specialist"
"Legal","Legal Secretary"
"Legal","Law Clerk"
"Legal","Environmental Lawyer"
"Legal","Regulatory Affairs Specialist"
"Legal","Tax Attorney"
"Legal","Employment Lawyer"
"Legal","Bankruptcy Lawyer"
"Logistics","Logistics Coordinator"
"Logistics","Supply Chain Manager"
"Logistics","Warehouse Manager"
"Logistics","Transportation Manager"
"Logistics","Inventory Analyst"
"Logistics","Freight Forwarder"
"Logistics","Shipping and Receiving Clerk"
"Logistics","Procurement Specialist"
"Logistics","Distribution Manager"
"Logistics","Logistics Analyst"
"Logistics","Fleet Manager"
"Logistics","Operations Manager"
"Logistics","Customs Compliance Specialist"
"Logistics","Supply Chain Analyst"
"Logistics","Demand Planner"
"Logistics","Logistics Supervisor"
"Logistics","Import/Export Specialist"
"Logistics","Warehouse Associate"
"Logistics","Material Planner"
"Logistics","Logistics Manager"
"Manufacturing","Production Manager"
"Manufacturing","Manufacturing Engineer"
"Manufacturing","Quality Control Inspector"
"Manufacturing","Process Technician"
"Manufacturing","Machine Operator"
"Manufacturing","Assembly Line Worker"
"Manufacturing","Industrial Engineer"
"Manufacturing","Production Supervisor"
"Manufacturing","Supply Chain Manager"
"Manufacturing","Maintenance Technician"
"Manufacturing","Operations Manager"
"Manufacturing","Lean Manufacturing Specialist"
"Manufacturing","Materials Planner"
"Manufacturing","Manufacturing Technician"
"Manufacturing","Welding Technician"
"Manufacturing","Quality Assurance Manager"
"Manufacturing","Warehouse Manager"
"Manufacturing","Logistics Coordinator"
"Manufacturing","Electromechanical Technician"
"Manufacturing","Tool and Die Maker"
"Marketing","Marketing Manager"
"Marketing","Digital Marketing Specialist"
"Marketing","SEO Specialist"
"Marketing","Content Marketing Manager"
"Marketing","Social Media Manager"
"Marketing","Brand Manager"
"Marketing","Marketing Coordinator"
"Marketing","Market Research Analyst"
"Marketing","Product Marketing Manager"
"Marketing","Advertising Executive"
"Marketing","Public Relations Specialist"
"Marketing","Email Marketing Specialist"
"Marketing","Campaign Manager"
"Marketing","Graphic Designer"
"Marketing","Web Analytics Specialist"
"Marketing","Marketing Consultant"
"Marketing","Communications Manager"
"Marketing","PPC Specialist"
"Marketing","Event Marketing Coordinator"
"Marketing","Copywriter"
"Medical","Physician"
"Medical","Nurse"
"Medical","Medical Assistant"
"Medical","Pharmacist"
"Medical","Medical Technician"
"Medical","Radiologic Technologist"
"Medical","Physical Therapist"
"Medical","Occupational Therapist"
"Medical","Surgical Technician"
"Medical","Medical Coder"
"Medical","Healthcare Administrator"
"Medical","Clinical Research Coordinator"
"Medical","Nurse Practitioner"
"Medical","Health Information Technician"
"Medical","Medical Laboratory Technician"
"Medical","Emergency Medical Technician (EMT)"
"Medical","Patient Care Coordinator"
"Medical","Medical Office Manager"
"Medical","Dentist"
"Medical","Mental Health Counselor"
"PR","Public Relations Specialist"
"PR","Communications Manager"
"PR","Media Relations Coordinator"
"PR","PR Account Executive"
"PR","Crisis Communications Manager"
"PR","Social Media Strategist"
"PR","Content Strategist"
"PR","Corporate Communications Specialist"
"PR","Event Planner"
"PR","Public Affairs Manager"
"PR","Brand Strategist"
"PR","Marketing Communications Manager"
"PR","Media Planner"
"PR","Community Relations Manager"
"PR","Internal Communications Specialist"
"PR","Digital Communications Manager"
"PR","Copywriter"
"PR","Influencer Relations Manager"
"PR","Research Analyst"
"PR","Speechwriter"
"R&D","Research Scientist"
"R&D","Research Engineer"
"R&D","Product Development Engineer"
"R&D","Clinical Research Associate"
"R&D","Laboratory Technician"
"R&D","Data Analyst"
"R&D","Biochemist"
"R&D","Quality Assurance Scientist"
"R&D","Market Research Analyst"
"R&D","Research Analyst"
"R&D","Development Engineer"
"R&D","Chemist"
"R&D","Software Development Engineer"
"R&D","Technical Researcher"
"R&D","Pharmaceutical Researcher"
"R&D","Innovation Manager"
"R&D","Mechanical Engineer"
"R&D","Materials Scientist"
"R&D","Product Research Manager"
"R&D","Agricultural Scientist"
"Real Estate","Real Estate Agent"
"Real Estate","Real Estate Broker"
"Real Estate","Property Manager"
"Real Estate","Real Estate Appraiser"
"Real Estate","Real Estate Analyst"
"Real Estate","Real Estate Developer"
"Real Estate","Leasing Consultant"
"Real Estate","Commercial Real Estate Agent"
"Real Estate","Residential Real Estate Agent"
"Real Estate","Real Estate Investor"
"Real Estate","Title Examiner"
"Real Estate","Property Inspector"
"Real Estate","Mortgage Broker"
"Real Estate","Real Estate Marketing Specialist"
"Real Estate","Zoning Specialist"
"Real Estate","Real Estate Assistant"
"Real Estate","Community Manager"
"Real Estate","Real Estate Paralegal"
"Real Estate","Market Research Analyst"
"Real Estate","Investment Property Manager"
"Retail","Retail Sales Associate"
"Retail","Store Manager"
"Retail","Assistant Store Manager"
"Retail","Cashier"
"Retail","Sales Supervisor"
"Retail","Merchandising Manager"
"Retail","Inventory Specialist"
"Retail","Visual Merchandiser"
"Retail","Customer Service Representative"
"Retail","Retail Buyer"
"Retail","Loss Prevention Specialist"
"Retail","Sales Manager"
"Retail","E-commerce Specialist"
"Retail","Stock Clerk"
"Retail","Product Specialist"
"Retail","Area Manager"
"Retail","Brand Ambassador"
"Retail","Operations Manager"
"Retail","Floor Manager"
"Retail","Retail Analyst"
"Sales","Sales Representative"
"Sales","Account Manager"
"Sales","Sales Manager"
"Sales","Business Development Manager"
"Sales","Inside Sales Representative"
"Sales","Outside Sales Representative"
"Sales","Sales Executive"
"Sales","Sales Coordinator"
"Sales","Territory Sales Manager"
"Sales","Customer Success Manager"
"Sales","Lead Generation Specialist"
"Sales","Regional Sales Manager"
"Sales","Sales Associate"
"Sales","Sales Analyst"
"Sales","Key Account Manager"
"Sales","Channel Sales Manager"
"Sales","Sales Operations Manager"
"Sales","Field Sales Representative"
"Sales","Solution Sales Specialist"
"Sales","B2B Sales Representative"
"Science & Tech","Data Scientist"
"Science & Tech","Software Engineer"
"Science & Tech","Research Scientist"
"Science & Tech","Biotech Engineer"
"Science & Tech","Machine Learning Engineer"
"Science & Tech","Systems Analyst"
"Science & Tech","Network Administrator"
"Science & Tech","Web Developer"
"Science & Tech","Environmental Scientist"
"Science & Tech","Laboratory Technician"
"Science & Tech","Information Systems Manager"
"Science & Tech","Quality Assurance Analyst"
"Science & Tech","Robotics Engineer"
"Science & Tech","Cybersecurity Analyst"
"Science & Tech","Cloud Solutions Architect"
"Science & Tech","IT Support Specialist"
"Science & Tech","Computer Programmer"
"Science & Tech","Data Analyst"
"Science & Tech","Mobile App Developer"
"Science & Tech","Artificial Intelligence Researcher"
"Security & Protective Services","Security Guard"
"Security & Protective Services","Police Officer"
"Security & Protective Services","Security Manager"
"Security & Protective Services","Private Investigator"
"Security & Protective Services","Loss Prevention Officer"
"Security & Protective Services","Security Consultant"
"Security & Protective Services","Surveillance Operator"
"Security & Protective Services","Emergency Management Specialist"
"Security & Protective Services","Security Analyst"
"Security & Protective Services","Firefighter"
"Security & Protective Services","Corrections Officer"
"Security & Protective Services","Risk Management Specialist"
"Security & Protective Services","Security Systems Technician"
"Security & Protective Services","Cybersecurity Specialist"
"Security & Protective Services","Compliance Officer"
"Security & Protective Services","Patrol Officer"
"Security & Protective Services","Safety Coordinator"
"Security & Protective Services","Threat Analyst"
"Security & Protective Services","Dispatcher"
"Security & Protective Services","Community Safety Officer"
"Social Services","Social Worker"
"Social Services","Case Manager"
"Social Services","Counselor"
"Social Services","Mental Health Specialist"
"Social Services","Substance Abuse Counselor"
"Social Services","Clinical Social Worker"
"Social Services","Community Outreach Coordinator"
"Social Services","Program Director"
"Social Services","Family Support Specialist"
"Social Services","Child Welfare Specialist"
"Social Services","Social Services Assistant"
"Social Services","Behavioral Therapist"
"Social Services","Public Health Educator"
"Social Services","Rehabilitation Counselor"
"Social Services","Nonprofit Administrator"
"Social Services","Crisis Intervention Specialist"
"Social Services","School Social Worker"
"Social Services","Advocate"
"Social Services","Housing Specialist"
"Social Services","Community Organizer"
"Telecommunications","Telecommunications Technician"
"Telecommunications","Network Engineer"
"Telecommunications","Telecom Sales Representative"
"Telecommunications","Telecommunications Manager"
"Telecommunications","Field Service Technician"
"Telecommunications","VoIP Engineer"
"Telecommunications","Systems Administrator"
"Telecommunications","Cable Installer"
"Telecommunications","Network Administrator"
"Telecommunications","RF Engineer"
"Telecommunications","Customer Support Specialist"
"Telecommunications","Project Manager"
"Telecommunications","Telecommunications Analyst"
"Telecommunications","Wireless Communications Technician"
"Telecommunications","Service Delivery Manager"
"Telecommunications","Network Operations Center (NOC) Technician"
"Telecommunications","Business Analyst"
"Telecommunications","Data Analyst"
"Telecommunications","Technical Support Specialist"
"Telecommunications","Security Engineer"
"Transportation","Transportation Manager"
"Transportation","Logistics Coordinator"
"Transportation","Truck Driver"
"Transportation","Supply Chain Analyst"
"Transportation","Fleet Manager"
"Transportation","Warehouse Associate"
"Transportation","Logistics Manager"
"Transportation","Air Traffic Controller"
"Transportation","Railroad Conductor"
"Transportation","Shipping and Receiving Clerk"
"Transportation","Transportation Planner"
"Transportation","Delivery Driver"
"Transportation","Bus Driver"
"Transportation","Cargo Agent"
"Transportation","Traffic Engineer"
"Transportation","Customs Broker"
"Transportation","Distribution Manager"
"Transportation","Material Handler"
"Transportation","Route Manager"
"Transportation","Logistics Specialist"

